orderid,orderyear
10808,2016
10809,2016
10810,2016
10811,2016
10812,2016
10813,2016
10814,2016
10815,2016
10816,2016
10817,2016
10818,2016
10819,2016
10820,2016
10821,2016
10822,2016
10823,2016
10824,2016
10825,2016
10826,2016
10827,2016
10828,2016
10829,2016
10830,2016
10831,2016
10832,2016
10833,2016
10834,2016
10835,2016
10836,2016
10837,2016
10838,2016
10839,2016
10840,2016
10841,2016
10842,2016
10843,2016
10844,2016
10845,2016
10846,2016
10847,2016
10848,2016
10849,2016
10850,2016
10851,2016
10852,2016
10853,2016
10854,2016
10855,2016
10856,2016
10857,2016
10858,2016
10859,2016
10860,2016
10861,2016
10862,2016
10863,2016
10864,2016
10865,2016
10866,2016
10867,2016
10868,2016
10869,2016
10870,2016
10871,2016
10872,2016
10873,2016
10874,2016
10875,2016
10876,2016
10877,2016
10878,2016
10879,2016
10880,2016
10881,2016
10882,2016
10883,2016
10884,2016
10885,2016
10886,2016
10887,2016
10888,2016
10889,2016
10890,2016
10891,2016
10892,2016
10893,2016
10894,2016
10895,2016
10896,2016
10897,2016
10898,2016
10899,2016
10900,2016
10901,2016
10902,2016
10903,2016
10904,2016
10905,2016
10906,2016
10907,2016
10908,2016
10909,2016
10910,2016
10911,2016
10912,2016
10913,2016
10914,2016
10915,2016
10916,2016
10917,2016
10918,2016
10919,2016
10920,2016
10921,2016
10922,2016
10923,2016
10924,2016
10925,2016
10926,2016
10927,2016
10928,2016
10929,2016
10930,2016
10931,2016
10932,2016
10933,2016
10934,2016
10935,2016
10936,2016
10937,2016
10938,2016
10939,2016
10940,2016
10941,2016
10942,2016
10943,2016
10944,2016
10945,2016
10946,2016
10947,2016
10948,2016
10949,2016
10950,2016
10951,2016
10952,2016
10953,2016
10954,2016
10955,2016
10956,2016
10957,2016
10958,2016
10959,2016
10960,2016
10961,2016
10962,2016
10963,2016
10964,2016
10965,2016
10966,2016
10967,2016
10968,2016
10969,2016
10970,2016
10971,2016
10972,2016
10973,2016
10974,2016
10975,2016
10976,2016
10977,2016
10978,2016
10979,2016
10980,2016
10981,2016
10982,2016
10983,2016
10984,2016
10985,2016
10986,2016
10987,2016
10988,2016
10989,2016
10990,2016
10991,2016
10992,2016
10993,2016
10994,2016
10995,2016
10996,2016
10997,2016
10998,2016
10999,2016
11000,2016
11001,2016
11002,2016
11003,2016
11004,2016
11005,2016
11006,2016
11007,2016
11008,2016
11009,2016
11010,2016
11011,2016
11012,2016
11013,2016
11014,2016
11015,2016
11016,2016
11017,2016
11018,2016
11019,2016
11020,2016
11021,2016
11022,2016
11023,2016
11024,2016
11025,2016
11026,2016
11027,2016
11028,2016
11029,2016
11030,2016
11031,2016
11032,2016
11033,2016
11034,2016
11035,2016
11036,2016
11037,2016
11038,2016
11039,2016
11040,2016
11041,2016
11042,2016
11043,2016
11044,2016
11045,2016
11046,2016
11047,2016
11048,2016
11049,2016
11050,2016
11051,2016
11052,2016
11053,2016
11054,2016
11055,2016
11056,2016
11057,2016
11058,2016
11059,2016
11060,2016
11061,2016
11062,2016
11063,2016
11064,2016
11065,2016
11066,2016
11067,2016
11068,2016
11069,2016
11070,2016
11071,2016
11072,2016
11073,2016
11074,2016
11075,2016
11076,2016
11077,2016
